id,number,title,body,agent,user_id,user,state,created_at,closed_at,merged_at,repo_id,repo_url,html_url
3245221980,3546,Fix Docker build by pinning insight dependencies,"## Summary
- pin `numpy` and `pandas` in the Insight demo lock file
- update Insight demo requirements

## Testing
- `pre-commit run --files alpha_factory_v1/demos/alpha_agi_insight_v1/requirements.lock alpha_factory_v1/demos/alpha_agi_insight_v1/requirements.txt` *(failed: KeyboardInterrupt)*
- `pytest -k ""test"" -q` *(failed: ModuleNotFoundError: No module named 'adk')*

------
https://chatgpt.com/codex/tasks/task_e_687b752555f88333b9049aa0c2cf3274",OpenAI_Codex,24208299,MontrealAI,closed,2025-07-19T11:05:56Z,2025-07-19T11:06:08Z,2025-07-19T11:06:08Z,922805069,https://api.github.com/repos/MontrealAI/AGI-Alpha-Agent-v0,https://github.com/MontrealAI/AGI-Alpha-Agent-v0/pull/3546
3260713587,3726,fix: update insight SRI and build order,"## Summary
- rebuild insight browser and update SRI reference
- run insight build before asset verification in docs workflows

## Testing
- `pre-commit run --files alpha_factory_v1/demos/alpha_agi_insight_v1/insight_browser_v1/index.html`
- `pre-commit run --files .github/workflows/ci.yml`
- `mkdocs build --strict`


------
https://chatgpt.com/codex/tasks/task_e_68826e2963f48333a6319fbf73b816f6",OpenAI_Codex,24208299,MontrealAI,closed,2025-07-24T17:46:06Z,2025-07-24T17:47:16Z,2025-07-24T17:47:16Z,922805069,https://api.github.com/repos/MontrealAI/AGI-Alpha-Agent-v0,https://github.com/MontrealAI/AGI-Alpha-Agent-v0/pull/3726
3089275524,793,[alpha_factory] start ledger task in run loop,"## Summary
- ensure the insight orchestrator only starts the merkle task when running

## Testing
- `python check_env.py --auto-install`
- `ruff check alpha_factory_v1/demos/alpha_agi_insight_v1/src/orchestrator.py`
- `mypy --config-file mypy.ini .` *(fails: Found 2752 errors)*
- `pytest -q`",OpenAI_Codex,24208299,MontrealAI,closed,2025-05-25T12:42:19Z,2025-05-25T12:42:30Z,2025-05-25T12:42:30Z,922805069,https://api.github.com/repos/MontrealAI/AGI-Alpha-Agent-v0,https://github.com/MontrealAI/AGI-Alpha-Agent-v0/pull/793
3089288927,797,[alpha_factory] handle empty rows in plain table,"## Summary
- fix plain table to return just the header when there are no data rows
- add a regression test for empty results

## Testing
- `python check_env.py --auto-install`
- `pytest -q`
",OpenAI_Codex,24208299,MontrealAI,closed,2025-05-25T13:04:48Z,2025-05-25T13:05:21Z,2025-05-25T13:05:21Z,922805069,https://api.github.com/repos/MontrealAI/AGI-Alpha-Agent-v0,https://github.com/MontrealAI/AGI-Alpha-Agent-v0/pull/797
3089513293,875,[alpha_factory] Log bus handler errors,"## Summary
- log A2ABus handler exceptions with sender and recipient info

## Testing
- `python check_env.py --auto-install`
- `pytest -q`",OpenAI_Codex,24208299,MontrealAI,closed,2025-05-25T19:12:37Z,2025-05-25T19:12:45Z,2025-05-25T19:12:45Z,922805069,https://api.github.com/repos/MontrealAI/AGI-Alpha-Agent-v0,https://github.com/MontrealAI/AGI-Alpha-Agent-v0/pull/875
3097973936,1063,[alpha_factory] improve exception handling,"## Summary
- catch ModuleNotFoundError when importing optional FastAPI modules
- log and skip bad simulation results
- handle WebSocketDisconnect errors when streaming progress
- log corrupt fill records in `portfolio` loader and history

## Testing
- `python check_env.py --auto-install`
- `pytest -q`",OpenAI_Codex,24208299,MontrealAI,closed,2025-05-28T16:48:52Z,2025-05-28T16:49:00Z,2025-05-28T16:49:00Z,922805069,https://api.github.com/repos/MontrealAI/AGI-Alpha-Agent-v0,https://github.com/MontrealAI/AGI-Alpha-Agent-v0/pull/1063
3150747776,2260,[alpha_factory] patch cross industry bridge,"## Summary
- update policy in cross-industry bridge to call local functions
- test that patched functions are used by CrossIndustryAgent

## Testing
- `python scripts/check_python_deps.py`
- `python check_env.py --auto-install --wheelhouse wheels` *(fails: No matching distribution found for numpy)*
- `pytest -q` *(fails: Environment check failed)*

------
https://chatgpt.com/codex/tasks/task_e_685053f7b280833385fa7b03fe622166",OpenAI_Codex,24208299,MontrealAI,closed,2025-06-16T17:30:15Z,2025-06-16T17:30:48Z,2025-06-16T17:30:47Z,922805069,https://api.github.com/repos/MontrealAI/AGI-Alpha-Agent-v0,https://github.com/MontrealAI/AGI-Alpha-Agent-v0/pull/2260
3108454301,1420,[alpha_factory] fix insight browser CSP,"## Summary
- update the Insight Browser CSP policy

## Testing
- `pre-commit run --files alpha_factory_v1/demos/alpha_agi_insight_v1/insight_browser_v1/index.html` *(fails: cannot fetch black)*
- `npm run build` *(fails: cannot find module 'esbuild')*
- `pytest -q tests` *(fails: ModuleNotFoundError: rocketry)*

------
https://chatgpt.com/codex/tasks/task_e_683d2102e3bc833390a0612aea1b6201",OpenAI_Codex,24208299,MontrealAI,closed,2025-06-02T04:03:21Z,2025-06-02T04:03:35Z,2025-06-02T04:03:35Z,922805069,https://api.github.com/repos/MontrealAI/AGI-Alpha-Agent-v0,https://github.com/MontrealAI/AGI-Alpha-Agent-v0/pull/1420
3221064560,3202,fix size check python indentation,"## Summary
- fix python indentation in size-check workflow

## Testing
- `python scripts/check_python_deps.py`
- `python check_env.py --auto-install`
- `pytest -q` *(fails: 86 failed, 108 passed, 32 skipped, 5 errors)*
- `pre-commit run --files .github/workflows/size-check.yml`


------
https://chatgpt.com/codex/tasks/task_e_6870553035c883339adf5bc70301a18c",OpenAI_Codex,24208299,MontrealAI,closed,2025-07-11T00:26:03Z,2025-07-11T00:26:14Z,2025-07-11T00:26:14Z,922805069,https://api.github.com/repos/MontrealAI/AGI-Alpha-Agent-v0,https://github.com/MontrealAI/AGI-Alpha-Agent-v0/pull/3202
3221122014,3203,Fix size-check workflow indentation,"## Summary
- fix Python heredoc indentation in browser size workflow

## Testing
- `python scripts/check_python_deps.py`
- `python check_env.py --auto-install`
- `pytest tests/test_ping_agent.py tests/test_af_requests.py -q`
- `pre-commit run --files .github/workflows/size-check.yml` *(fails: shellcheck_py wheel build error)*

------
https://chatgpt.com/codex/tasks/task_e_68705a3d07fc833387167640f85d3235",OpenAI_Codex,24208299,MontrealAI,closed,2025-07-11T00:57:43Z,2025-07-11T00:57:53Z,2025-07-11T00:57:53Z,922805069,https://api.github.com/repos/MontrealAI/AGI-Alpha-Agent-v0,https://github.com/MontrealAI/AGI-Alpha-Agent-v0/pull/3203
3106109887,1296,[alpha_factory] Harden tar extraction,"## Summary
- prevent symlink attacks when extracting uploaded tar files
- test that /mutate rejects archives with symlinks or absolute paths
- document the stricter extraction rules

## Testing
- `python check_env.py --auto-install`
- `pre-commit run --files alpha_factory_v1/demos/alpha_agi_insight_v1/src/evolution_worker.py alpha_factory_v1/demos/alpha_agi_insight_v1/tests/test_evolution_worker.py docs/DESIGN.md` *(fails: Failed to connect to proxy port 8080)*
- `pytest -q alpha_factory_v1/demos/alpha_agi_insight_v1/tests/test_evolution_worker.py`

------
https://chatgpt.com/codex/tasks/task_e_683b7e4b909c833393d9058939e6ff95",OpenAI_Codex,24208299,MontrealAI,closed,2025-05-31T22:15:09Z,2025-05-31T22:15:43Z,2025-05-31T22:15:43Z,922805069,https://api.github.com/repos/MontrealAI/AGI-Alpha-Agent-v0,https://github.com/MontrealAI/AGI-Alpha-Agent-v0/pull/1296
3081104975,487,Improve α‑AGI Insight demo,"## Summary
- fix module imports for insight demo
- allow custom sector lists via `--sectors`
- document new usage and config option

## Testing
- `python check_env.py`
- `PYTHONPATH=. python -m alpha_factory_v1.demos.alpha_agi_insight_v0.insight_demo --episodes 2`
- `PYTHONPATH=. python -m unittest tests.test_alpha_agi_insight_demo`",OpenAI_Codex,24208299,MontrealAI,closed,2025-05-21T18:36:38Z,2025-05-21T18:39:27Z,2025-05-21T18:39:27Z,922805069,https://api.github.com/repos/MontrealAI/AGI-Alpha-Agent-v0,https://github.com/MontrealAI/AGI-Alpha-Agent-v0/pull/487
3081381028,492,Finalize AGI Insight offline bridge,"## Summary
- fix fallback summary text for `run_insight_search`

## Testing
- `python -m unittest tests.test_alpha_agi_insight_bridge.TestAlphaAgiInsightBridge.test_bridge_run_helper`
- `python -m unittest tests.test_alpha_agi_insight_bridge`
- `python -m unittest tests.test_alpha_agi_insight_demo`",OpenAI_Codex,24208299,MontrealAI,closed,2025-05-21T20:49:48Z,2025-05-21T20:53:41Z,2025-05-21T20:53:41Z,922805069,https://api.github.com/repos/MontrealAI/AGI-Alpha-Agent-v0,https://github.com/MontrealAI/AGI-Alpha-Agent-v0/pull/492
3153506064,2291,[alpha_factory] fix business demo bundle hash,"## Summary
- ensure deterministic hashing in alpha_agi_business_3 demo
- test that hashes stay stable across runs

## Testing
- `python scripts/check_python_deps.py` *(fails: Missing packages)*
- `python check_env.py --auto-install` *(fails: No network connectivity detected)*
- `pytest -q` *(fails: No network connectivity detected)*
- `pre-commit run --files alpha_factory_v1/demos/alpha_agi_business_3_v1/alpha_agi_business_3_v1.py tests/test_alpha_agi_business_3_v1.py` *(fails: mypy/proto-verify/verify-requirements-lock errors)*

------
https://chatgpt.com/codex/tasks/task_e_685166c949d8833387c945d6c14f39e7",OpenAI_Codex,24208299,MontrealAI,closed,2025-06-17T13:23:44Z,2025-06-17T13:24:47Z,2025-06-17T13:24:46Z,922805069,https://api.github.com/repos/MontrealAI/AGI-Alpha-Agent-v0,https://github.com/MontrealAI/AGI-Alpha-Agent-v0/pull/2291
3121866629,1613,[alpha_factory] fix ruff warnings in tests,"## Summary
- silence E402 errors following `pytest.importorskip`
- drop unused imports flagged by ruff
- mark unused variables in tests

## Testing
- `python check_env.py --auto-install`
- `pytest -q` *(fails: Duplicated timeseries in Collector, Interrupted: 2 errors during collection)*

------
https://chatgpt.com/codex/tasks/task_e_6841c4b140d8833396c6a654b03a8a8c",OpenAI_Codex,24208299,MontrealAI,closed,2025-06-05T16:36:47Z,2025-06-05T16:37:47Z,2025-06-05T16:37:47Z,922805069,https://api.github.com/repos/MontrealAI/AGI-Alpha-Agent-v0,https://github.com/MontrealAI/AGI-Alpha-Agent-v0/pull/1613
3110098077,1425,[alpha_factory] fix simulator init order,"## Summary
- initialize power panel before simulator panel so updates work
- add regression test for simulator power panel updates

## Testing
- `python check_env.py --auto-install`
- `python -m alpha_factory_v1.scripts.run_tests`
- `npx jest alpha_factory_v1/demos/alpha_agi_insight_v1/insight_browser_v1/tests/power_panel_update.test.js` *(fails: npm can't reach registry)*

------
https://chatgpt.com/codex/tasks/task_e_683d9e13a0f483339559c4a586f6058f",OpenAI_Codex,24208299,MontrealAI,closed,2025-06-02T13:01:14Z,2025-06-02T13:02:11Z,2025-06-02T13:02:11Z,922805069,https://api.github.com/repos/MontrealAI/AGI-Alpha-Agent-v0,https://github.com/MontrealAI/AGI-Alpha-Agent-v0/pull/1425
3261266675,3733,fix: update insight browser hash,"## Summary
- remove old SRI from demo HTML
- update docs with latest bundle hash

## Testing
- `pre-commit run --files alpha_factory_v1/demos/alpha_agi_insight_v1/insight_browser_v1/index.html docs/alpha_agi_insight_v1/index.html`

------
https://chatgpt.com/codex/tasks/task_e_68829ccf99748333b774940ac056e4f1",OpenAI_Codex,24208299,MontrealAI,closed,2025-07-24T21:10:03Z,2025-07-24T21:10:15Z,2025-07-24T21:10:15Z,922805069,https://api.github.com/repos/MontrealAI/AGI-Alpha-Agent-v0,https://github.com/MontrealAI/AGI-Alpha-Agent-v0/pull/3733
3273514939,3880,Fix variable name in quickstart script,"## Summary
- adjust interactive prompt variable name in `quickstart.sh`

## Testing
- `python check_env.py --auto-install`
- `pytest tests/test_adk_agent.py::test_adk_summariser_runs -q`

------
https://chatgpt.com/codex/tasks/task_e_6888c0dfee7083338b95054a75a29903",OpenAI_Codex,24208299,MontrealAI,closed,2025-07-29T12:46:51Z,2025-07-29T12:48:35Z,2025-07-29T12:48:35Z,922805069,https://api.github.com/repos/MontrealAI/AGI-Alpha-Agent-v0,https://github.com/MontrealAI/AGI-Alpha-Agent-v0/pull/3880
3121942335,1616,[alpha_factory] update lint script path,"## Summary
- fix lint script path for insight browser demo

## Testing
- `npm run lint` *(fails: Invalid option '--ext')*
- `python check_env.py --auto-install`
- `pytest -q` *(fails: 2 errors during collection)*

------
https://chatgpt.com/codex/tasks/task_e_6841c8ca4cb083339474da7439cedb29",OpenAI_Codex,24208299,MontrealAI,closed,2025-06-05T16:59:37Z,2025-06-05T16:59:48Z,2025-06-05T16:59:48Z,922805069,https://api.github.com/repos/MontrealAI/AGI-Alpha-Agent-v0,https://github.com/MontrealAI/AGI-Alpha-Agent-v0/pull/1616
3087847768,675,[alpha_factory] fix: use timezone-aware timestamps,"## Summary
- resolve `datetime.utcnow()` deprecation warnings
- ensure all generated timestamps use UTC

## Testing
- `python alpha_factory_v1/scripts/preflight.py`
- `python check_env.py --auto-install`
- `pytest -q`
",OpenAI_Codex,24208299,MontrealAI,closed,2025-05-24T01:14:36Z,2025-05-24T01:14:48Z,2025-05-24T01:14:48Z,922805069,https://api.github.com/repos/MontrealAI/AGI-Alpha-Agent-v0,https://github.com/MontrealAI/AGI-Alpha-Agent-v0/pull/675
3123393785,1656,[alpha_factory] Add env cleanup in MuZero tests,"## Summary
- ensure gym environments close between `MiniMu` tests

## Testing
- `python check_env.py --auto-install`
- `pytest tests/test_muzero_planning.py -q`
- ❌ `pytest -q` *(fails: 37 failed, 10 passed, 18 skipped, 19 warnings)*

------
https://chatgpt.com/codex/tasks/task_e_68424b8d0c688333acb195dead6c957a",OpenAI_Codex,24208299,MontrealAI,closed,2025-06-06T02:06:13Z,2025-06-06T02:11:03Z,2025-06-06T02:11:03Z,922805069,https://api.github.com/repos/MontrealAI/AGI-Alpha-Agent-v0,https://github.com/MontrealAI/AGI-Alpha-Agent-v0/pull/1656
3166022871,2481,[alpha_factory] fix openai agents stub,"## Summary
- fix openai_agents stub spec field
- point broker init to real modules
- shorten verify_wheel_sig command string
- silence mypy on self healing package
- tweak proto-verify target
- rename broker.py to trade_broker.py
- adjust skill test imports

## Testing
- `make proto-verify`
- `pre-commit run --files tests/test_skill_test_route.py alpha_factory_v1/backend/broker/__init__.py alpha_factory_v1/backend/__init__.py Makefile tests/test_verify_wheel_sig.py alpha_factory_v1/demos/self_healing_repo/__init__.py` *(fails: requirements.lock is outdated)*

------
https://chatgpt.com/codex/tasks/task_e_68581328a2588333bd64f743e6aee04a",OpenAI_Codex,24208299,MontrealAI,closed,2025-06-22T14:53:18Z,2025-06-22T14:56:12Z,2025-06-22T14:56:12Z,922805069,https://api.github.com/repos/MontrealAI/AGI-Alpha-Agent-v0,https://github.com/MontrealAI/AGI-Alpha-Agent-v0/pull/2481
3148281856,2230,[alpha_factory] fix qdrant version,"# Summary
- pin the qdrant image in the Era of Experience demo to version `v1.8.1`

# Checks
- [x] I ran `pre-commit run --files alpha_factory_v1/demos/era_of_experience/docker-compose.experience.yml` *(failed: proto-verify missing separator)*
- [x] I ran `python check_env.py --auto-install` *(failed: network unavailable)*
- [x] I ran `pytest -q` *(failed: environment check requires network)*

# Testing
- `pre-commit run --files alpha_factory_v1/demos/era_of_experience/docker-compose.experience.yml` failed with `proto-verify` error
- `python check_env.py --auto-install` reported `No network connectivity detected`
- `pytest -q` aborted due to missing environment setup

------
https://chatgpt.com/codex/tasks/task_e_684f743b5b64833399bcd683d111aafe",OpenAI_Codex,24208299,MontrealAI,closed,2025-06-16T01:39:50Z,2025-06-16T01:40:52Z,2025-06-16T01:40:52Z,922805069,https://api.github.com/repos/MontrealAI/AGI-Alpha-Agent-v0,https://github.com/MontrealAI/AGI-Alpha-Agent-v0/pull/2230
3244741921,3536,[alpha_factory] fix docker path and cypress wait,"## Summary
- fix docker build path for requirements.lock
- extend Cypress wait time for dev server

## Testing
- `pre-commit run --files .github/workflows/ci.yml alpha_factory_v1/demos/alpha_agi_insight_v1/infrastructure/Dockerfile`
- `pytest tests/test_benchmark.py -q` *(fails: RuntimeError: API...)*

------
https://chatgpt.com/codex/tasks/task_e_687af3676bbc8333868b5b47503a78f9",OpenAI_Codex,24208299,MontrealAI,closed,2025-07-19T01:39:13Z,2025-07-19T01:39:24Z,2025-07-19T01:39:24Z,922805069,https://api.github.com/repos/MontrealAI/AGI-Alpha-Agent-v0,https://github.com/MontrealAI/AGI-Alpha-Agent-v0/pull/3536
3244749435,3537,[alpha_factory] fix lint cache,"## Summary
- clear npm cache before running ESLint to avoid leftover node modules

## Testing
- `pre-commit run --files scripts/run_eslint.sh`
- `python check_env.py --auto-install`
- `pytest -k ""not slow"" tests/test_benchmark.py` *(fails: RuntimeError: API)*

------
https://chatgpt.com/codex/tasks/task_e_687af75e8b7483339d66b26403094eba",OpenAI_Codex,24208299,MontrealAI,closed,2025-07-19T01:49:00Z,2025-07-19T01:49:11Z,2025-07-19T01:49:11Z,922805069,https://api.github.com/repos/MontrealAI/AGI-Alpha-Agent-v0,https://github.com/MontrealAI/AGI-Alpha-Agent-v0/pull/3537
3204072420,2975,Fix disclaimer helper usage,"## Summary
- remove hard-coded prototype disclaimer headers from scripts
- show runtime disclaimers via `print_disclaimer`
- keep disclaimer helper patterns intact

## Testing
- `pre-commit run verify-disclaimer-helper --files $(git diff --name-only | tr '\n' ' ')`

------
https://chatgpt.com/codex/tasks/task_e_686887ddb9e4833392e8861098b3635d",OpenAI_Codex,24208299,MontrealAI,closed,2025-07-05T02:15:26Z,2025-07-05T02:15:38Z,2025-07-05T02:15:38Z,922805069,https://api.github.com/repos/MontrealAI/AGI-Alpha-Agent-v0,https://github.com/MontrealAI/AGI-Alpha-Agent-v0/pull/2975
3254472084,3678,fix duplicate d3 in Insight PWA,"## Summary
- avoid bundling d3 in insight.bundle.js
- keep d3 script tag in generated Insight docs

## Testing
- `pre-commit run --files alpha_factory_v1/demos/alpha_agi_insight_v1/insight_browser_v1/build.js docs/alpha_agi_insight_v1/index.html`
- `python check_env.py --auto-install`
- `python scripts/verify_insight_offline.py` *(fails: integrity check for insight.bundle.js)*

------
https://chatgpt.com/codex/tasks/task_e_68802ac9e95083339f0f080d4f47f106",OpenAI_Codex,24208299,MontrealAI,closed,2025-07-23T00:55:49Z,2025-07-23T00:56:22Z,2025-07-23T00:56:22Z,922805069,https://api.github.com/repos/MontrealAI/AGI-Alpha-Agent-v0,https://github.com/MontrealAI/AGI-Alpha-Agent-v0/pull/3678
3216371842,3141,fix paths for mirrored demos,"## Summary
- compute disclaimer snippet paths dynamically in `mirror_demo_pages.py`
- run `mkdocs build` to verify there are no disclaimer warnings

## Testing
- `pre-commit run --files scripts/mirror_demo_pages.py`
- `mkdocs build`

------
https://chatgpt.com/codex/tasks/task_e_686e89938f708333a4a6c1889098b875",OpenAI_Codex,24208299,MontrealAI,closed,2025-07-09T15:41:15Z,2025-07-09T15:41:24Z,2025-07-09T15:41:24Z,922805069,https://api.github.com/repos/MontrealAI/AGI-Alpha-Agent-v0,https://github.com/MontrealAI/AGI-Alpha-Agent-v0/pull/3141
3248968586,3622,fix: match Insight CSP hash,"## Summary
- compute SHA-384 for service worker registration in build scripts
- embed the digest in the generated Insight docs CSP

## Testing
- `pre-commit run --hook-stage manual --files alpha_factory_v1/demos/alpha_agi_insight_v1/insight_browser_v1/build/common.js alpha_factory_v1/demos/alpha_agi_insight_v1/insight_browser_v1/build/common.py docs/alpha_agi_insight_v1/index.html`
- `python scripts/verify_insight_offline.py` *(fails: BrowserType.launch error)*

------
https://chatgpt.com/codex/tasks/task_e_687e4db792488333a6fcdf5b70f1d24d",OpenAI_Codex,24208299,MontrealAI,closed,2025-07-21T14:46:22Z,2025-07-21T14:46:32Z,2025-07-21T14:46:32Z,922805069,https://api.github.com/repos/MontrealAI/AGI-Alpha-Agent-v0,https://github.com/MontrealAI/AGI-Alpha-Agent-v0/pull/3622
3131199224,169,fix: update jinja helpers,"## Summary
- rename nested map_type variable to avoid shadowing the argument
- ensure spec objects are converted to dictionaries
- safely handle None for spec or context
- return a string from template environment parse helper

## Testing
- `ruff check src/jinja2/__init__.py`
- `black --check src/jinja2/__init__.py`
- `mypy src/jinja2/__init__.py`
- `pyright src/jinja2/__init__.py`
- `pytest`

------
https://chatgpt.com/codex/tasks/task_e_68470713093c832f891e42fd0f20ae32",OpenAI_Codex,24324638,DannyMac180,closed,2025-06-09T19:10:02Z,2025-06-09T19:10:15Z,2025-06-09T19:10:15Z,948798043,https://api.github.com/repos/DannyMac180/meta-agent,https://github.com/DannyMac180/meta-agent/pull/169
3266066577,3799,Fix flaky tests,"## Summary
- skip world model tests when torch is missing
- skip wasm bridge test when bridge.js is absent
- guard wheel signature tests when OpenSSL doesn't support ed25519

## Testing
- `pre-commit run --files tests/test_verify_wheel_sig.py tests/test_wasm_bridge.py tests/test_world_model_config.py`
- `pytest tests/test_verify_wheel_sig.py tests/test_wasm_bridge.py tests/test_world_model_config.py -q`

------
https://chatgpt.com/codex/tasks/task_e_68852cad8a2c8333b5fe342327b75067",OpenAI_Codex,24208299,MontrealAI,closed,2025-07-26T19:53:38Z,2025-07-26T19:53:53Z,2025-07-26T19:53:53Z,922805069,https://api.github.com/repos/MontrealAI/AGI-Alpha-Agent-v0,https://github.com/MontrealAI/AGI-Alpha-Agent-v0/pull/3799
3098889039,1105,[alpha_factory] handle malformed ledger rows,"## Summary
- ignore bad rows in Ledger.compute_merkle_root
- adjust corrupt ledger test for new behaviour
- add test ensuring malformed rows do not break the ledger

## Testing
- `python check_env.py --auto-install`
- `pytest tests/test_ledger_corruption.py::test_compute_merkle_root_with_malformed_row tests/test_ledger_malformed_rows.py::test_merkle_root_ignores_corrupt_rows -q`
- `pytest -q` *(fails: 35 failed, 426 passed, 30 skipped)*",OpenAI_Codex,24208299,MontrealAI,closed,2025-05-29T01:10:42Z,2025-05-29T01:13:15Z,2025-05-29T01:13:15Z,922805069,https://api.github.com/repos/MontrealAI/AGI-Alpha-Agent-v0,https://github.com/MontrealAI/AGI-Alpha-Agent-v0/pull/1105
3164596516,2438,fix: add type hints for backend stub,"## Summary
- add explicit type annotations for _MissingSDK to satisfy linting
- type the HTTP fallback `app` function

## Testing
- `ruff check`
- `mypy --config-file mypy.ini .`


------
https://chatgpt.com/codex/tasks/task_e_6855e2f93f788333bb9fe57037ee82a6",OpenAI_Codex,24208299,MontrealAI,closed,2025-06-21T00:33:40Z,2025-06-21T00:36:03Z,2025-06-21T00:36:03Z,922805069,https://api.github.com/repos/MontrealAI/AGI-Alpha-Agent-v0,https://github.com/MontrealAI/AGI-Alpha-Agent-v0/pull/2438
3227803997,3335,[alpha_factory] fix tests loading proto stubs,"## Summary
- register proto stubs from core for adapter tests
- expose Envelope alias when protobuf module is present
- detect `agents` package during environment checks

## Testing
- `python scripts/check_python_deps.py`
- `python check_env.py --auto-install`
- `pytest tests/test_adapters.py -q`
- `pytest tests/test_logging.py -q`
- `pytest tests/test_check_env_openai_agents_version.py::TestCheckEnvOpenAIAgentsVersion::test_missing_version_fails -q`
- `pytest --cov --cov-report=xml -q` *(fails: 35 failed, 100 passed, 31 skipped, 5 errors)*

------
https://chatgpt.com/codex/tasks/task_e_68748eadd3a083338d4d52040a8b16fc",OpenAI_Codex,24208299,MontrealAI,closed,2025-07-14T08:12:56Z,2025-07-14T08:14:56Z,2025-07-14T08:14:56Z,922805069,https://api.github.com/repos/MontrealAI/AGI-Alpha-Agent-v0,https://github.com/MontrealAI/AGI-Alpha-Agent-v0/pull/3335
3267536102,3836,[alpha_factory] fix import order,"## Summary
- move `import os` above logger initialization in `registry.py`

## Testing
- `pre-commit run --files alpha_factory_v1/backend/agents/registry.py`
- `pytest` *(fails: AttributeError and assertion failures)*

------
https://chatgpt.com/codex/tasks/task_e_6886b7c013848333a4e205f1536bcfce",OpenAI_Codex,24208299,MontrealAI,closed,2025-07-27T23:51:38Z,2025-07-27T23:51:50Z,2025-07-27T23:51:50Z,922805069,https://api.github.com/repos/MontrealAI/AGI-Alpha-Agent-v0,https://github.com/MontrealAI/AGI-Alpha-Agent-v0/pull/3836
3199109227,2896,[alpha_factory] fix wasm_gpt2 mirror,"## Summary
- use Hugging Face mirror for wasm-gpt2 downloads
- document mirror usage in README files

## Testing
- `python scripts/check_python_deps.py`
- `python check_env.py --auto-install`
- `pytest -q` *(fails: 26 errors during collection)*

------
https://chatgpt.com/codex/tasks/task_e_68666aa680b48333a822b25539d19529",OpenAI_Codex,24208299,MontrealAI,closed,2025-07-03T11:49:24Z,2025-07-03T11:49:37Z,2025-07-03T11:49:37Z,922805069,https://api.github.com/repos/MontrealAI/AGI-Alpha-Agent-v0,https://github.com/MontrealAI/AGI-Alpha-Agent-v0/pull/2896
3081496480,496,Fix logging setup for insight demo bridges,"## Summary
- ensure logging configured for `alpha_agi_insight_v0` OpenAI Agents bridge
- fix same issue in cross-industry bridge

## Testing
- `black alpha_factory_v1/demos/alpha_agi_insight_v0/openai_agents_bridge.py alpha_factory_v1/demos/cross_industry_alpha_factory/openai_agents_bridge.py`
- ❌ `pytest -q` *(failed: `pytest` not installed)*",OpenAI_Codex,24208299,MontrealAI,closed,2025-05-21T21:53:20Z,2025-05-21T21:55:53Z,2025-05-21T21:55:53Z,922805069,https://api.github.com/repos/MontrealAI/AGI-Alpha-Agent-v0,https://github.com/MontrealAI/AGI-Alpha-Agent-v0/pull/496
3270577683,3857,[alpha_factory] enforce openai_agents version check,"## Summary
- always check openai_agents version when present
- update version-check tests

## Testing
- `pre-commit run --files check_env.py tests/test_check_env_openai_agents_version.py`
- `pytest tests/test_check_env_openai_agents_version.py tests/test_preflight_openai_agents_version.py -q` *(fails: Environment check failed, run 'python check_env.py --auto-install')*

------
https://chatgpt.com/codex/tasks/task_e_6887a1ed96ac83339068c4ca5b5e11e5",OpenAI_Codex,24208299,MontrealAI,closed,2025-07-28T16:27:00Z,2025-07-28T16:27:11Z,2025-07-28T16:27:10Z,922805069,https://api.github.com/repos/MontrealAI/AGI-Alpha-Agent-v0,https://github.com/MontrealAI/AGI-Alpha-Agent-v0/pull/3857
3185349563,2719,Fix duplicate demo disclaimers,"## Summary
- insert disclaimer only once when generating demo docs
- regenerate docs/demos with a single disclaimer at the top

## Testing
- `pre-commit run --files scripts/generate_demo_docs.py docs/demos/alpha_agi_insight_v1.md` *(fails: Verify protobuf files are up to date)*
- `python scripts/verify_disclaimer_snippet.py`

------
https://chatgpt.com/codex/tasks/task_e_68602c2f1e048333a4df78267e1f82a7",OpenAI_Codex,24208299,MontrealAI,closed,2025-06-28T18:19:42Z,2025-06-28T18:19:56Z,2025-06-28T18:19:56Z,922805069,https://api.github.com/repos/MontrealAI/AGI-Alpha-Agent-v0,https://github.com/MontrealAI/AGI-Alpha-Agent-v0/pull/2719
3119790704,1575,[alpha_factory] remove sourcemap hints,"## Summary
- strip `sourceMappingURL` comments in `build.js`
- strip sourcemap hints in `manual_build.py`
- expand playwright network test to assert no map fetches

## Testing
- `pre-commit run --files alpha_factory_v1/demos/alpha_agi_insight_v1/insight_browser_v1/build.js alpha_factory_v1/demos/alpha_agi_insight_v1/insight_browser_v1/manual_build.py alpha_factory_v1/demos/alpha_agi_insight_v1/insight_browser_v1/tests/test_single_network_request.py`
- `pytest -k test_single_network_request -q` *(fails: ValueError: Duplicated timeseries in CollectorRegistry)*

------
https://chatgpt.com/codex/tasks/task_e_6841185b5ec08333812a2c53ffb5b562",OpenAI_Codex,24208299,MontrealAI,closed,2025-06-05T04:25:20Z,2025-06-05T04:25:31Z,2025-06-05T04:25:30Z,922805069,https://api.github.com/repos/MontrealAI/AGI-Alpha-Agent-v0,https://github.com/MontrealAI/AGI-Alpha-Agent-v0/pull/1575
3119800962,1577,[alpha_factory] clamp parseHash params,"## Summary
- enforce UI max for population and generation when parsing URL/hash
- test parseHash clamps values above 500

## Testing
- `python check_env.py --auto-install`
- `pytest -q` *(fails: ValueError: Duplicated timeseries in CollectorRegistry)*

------
https://chatgpt.com/codex/tasks/task_e_68411c411ce08333a29d98e5b82224e8",OpenAI_Codex,24208299,MontrealAI,closed,2025-06-05T04:31:35Z,2025-06-05T04:34:44Z,2025-06-05T04:34:44Z,922805069,https://api.github.com/repos/MontrealAI/AGI-Alpha-Agent-v0,https://github.com/MontrealAI/AGI-Alpha-Agent-v0/pull/1577
3099078158,1120,[alpha_factory] clarify progress websocket type,"## Summary
- fix WebSocket annotation for progress listener
- avoid importing WebSocket when FastAPI missing

## Testing
- `pre-commit run --files src/interface/api_server.py` *(fails: command not found)*
- `python check_env.py --auto-install`
- `pytest -q` *(fails: 35 failed)*",OpenAI_Codex,24208299,MontrealAI,closed,2025-05-29T03:43:21Z,2025-05-29T03:43:48Z,2025-05-29T03:43:48Z,922805069,https://api.github.com/repos/MontrealAI/AGI-Alpha-Agent-v0,https://github.com/MontrealAI/AGI-Alpha-Agent-v0/pull/1120
3106238801,1303,[alpha_factory] enforce CLI option ranges,"## Summary
- enforce positive integer inputs for CLI options like `--pop-size` and `--generations`
- restrict mutation and crossover rate to 0–1
- test invalid numeric ranges in the demo CLI

## Testing
- `pre-commit run --files alpha_factory_v1/demos/alpha_agi_insight_v1/src/interface/cli.py tests/test_demo_cli.py` *(fails: Failed to connect to proxy port 8080)*
- `python check_env.py --auto-install`
- `pytest -q tests/test_demo_cli.py` *(fails: 4 failed, 14 passed)*

------
https://chatgpt.com/codex/tasks/task_e_683b97dcd6848333a592571e5cd45b93",OpenAI_Codex,24208299,MontrealAI,closed,2025-06-01T00:05:56Z,2025-06-01T00:06:04Z,2025-06-01T00:06:04Z,922805069,https://api.github.com/repos/MontrealAI/AGI-Alpha-Agent-v0,https://github.com/MontrealAI/AGI-Alpha-Agent-v0/pull/1303
3148042577,188,fix: stub openai module for ci,"## Summary
- add minimal openai stub so that CI doesn't fail when importing `openai`

## Testing
- `ruff check .`
- `black --check .` *(fails: would reformat many files)*
- `pytest -q`
- `mypy src` *(fails: found errors)*
- `pyright`

------
https://chatgpt.com/codex/tasks/task_e_684f1bf70028832f98a8f30830798178",OpenAI_Codex,24324638,DannyMac180,closed,2025-06-15T20:28:47Z,2025-06-15T20:28:55Z,2025-06-15T20:28:55Z,948798043,https://api.github.com/repos/DannyMac180/meta-agent,https://github.com/DannyMac180/meta-agent/pull/188
3092164011,93,fix: bundle validator tests,"## Summary
- ensure bundle validator runs tests in isolated environment
- update checksum in failing test
- skip llm integration test when network unavailable

## Testing
- `ruff check src/meta_agent/bundle_validator.py tests/test_bundle_validator.py tests/integration/test_llm_service_integration.py`
- `black --check src/meta_agent/bundle_validator.py tests/test_bundle_validator.py tests/integration/test_llm_service_integration.py`
- `mypy src/meta_agent` *(fails: Cannot find implementation or library stub for module named ""agents"")*
- `pyright` *(fails: ""Agent"" is unknown import symbol)*
- `pytest -q`",OpenAI_Codex,24324638,DannyMac180,closed,2025-05-26T22:53:04Z,2025-05-26T23:05:48Z,2025-05-26T23:05:48Z,948798043,https://api.github.com/repos/DannyMac180/meta-agent,https://github.com/DannyMac180/meta-agent/pull/93
3092193613,94,fix: strip coverage env for subprocess,"## Summary
- prevent coverage env contamination when running tool validation
- ensure branch coverage config is used in subprocess
- test environment cleanup for coverage variables

## Testing
- `ruff check src/meta_agent/validation.py tests/unit/test_validation.py`
- `black --check src/meta_agent/validation.py tests/unit/test_validation.py`
- `mypy src/meta_agent` *(fails: Cannot find implementation or library stub for module named ""jinja2"")*
- `pyright` *(fails: ""Agent"" is unknown import symbol)*
- `pytest tests/unit/test_validation.py -q`
",OpenAI_Codex,24324638,DannyMac180,closed,2025-05-26T23:24:23Z,2025-05-26T23:31:58Z,2025-05-26T23:31:58Z,948798043,https://api.github.com/repos/DannyMac180/meta-agent,https://github.com/DannyMac180/meta-agent/pull/94
3092223414,95,fix: run bundle tests with clean env,"## Summary
- run bundle tests even when earlier checks fail
- strip coverage env vars before running bundle tests
- ensure bundle tests ignore repo pytest config

## Testing
- `ruff check src/meta_agent/bundle_validator.py tests/test_bundle_validator.py`
- `black --check src/meta_agent/bundle_validator.py tests/test_bundle_validator.py`
- `mypy src/meta_agent` *(fails: Cannot find implementation or library stub for module named ""agents"")*
- `pyright` *(fails: ""Agent"" is unknown import symbol)*
- `pytest tests/test_bundle_validator.py -q`
- `pytest -q` *(fails: 25 errors during collection: missing dependencies)*",OpenAI_Codex,24324638,DannyMac180,closed,2025-05-26T23:58:38Z,2025-05-27T00:00:10Z,2025-05-27T00:00:10Z,948798043,https://api.github.com/repos/DannyMac180/meta-agent,https://github.com/DannyMac180/meta-agent/pull/95
3241437495,3495,Fix CI web tests and docs,"## Summary
- remove invalid Percy config
- skip unwanted docs asset folders
- ensure Cypress action starts dev server correctly

## Testing
- `pre-commit run --files .percy.yml mkdocs.yml .github/workflows/ci.yml`

------
https://chatgpt.com/codex/tasks/task_e_68799674f7cc83339505dab7cb668a6b",OpenAI_Codex,24208299,MontrealAI,closed,2025-07-18T00:49:29Z,2025-07-18T00:50:29Z,2025-07-18T00:50:29Z,922805069,https://api.github.com/repos/MontrealAI/AGI-Alpha-Agent-v0,https://github.com/MontrealAI/AGI-Alpha-Agent-v0/pull/3495
3241519620,3497,[alpha_factory] fix docs build config,"## Summary
- exclude asset folders from docs site build

## Testing
- `pre-commit run --files mkdocs.yml scripts/axe_score.py`
- `pytest -m smoke -q`

------
https://chatgpt.com/codex/tasks/task_e_6879a0c3e2908333b7b739aa0ee988a1",OpenAI_Codex,24208299,MontrealAI,closed,2025-07-18T01:30:02Z,2025-07-18T01:30:11Z,2025-07-18T01:30:11Z,922805069,https://api.github.com/repos/MontrealAI/AGI-Alpha-Agent-v0,https://github.com/MontrealAI/AGI-Alpha-Agent-v0/pull/3497
3241809010,3504,Fix docs exclusions,"## Summary
- exclude asset directories from MkDocs builds

## Testing
- `pre-commit run --files mkdocs.yml .percy.yml scripts/axe_score.py`


------
https://chatgpt.com/codex/tasks/task_e_6879caef39bc83339e69373e79099976",OpenAI_Codex,24208299,MontrealAI,closed,2025-07-18T04:28:35Z,2025-07-18T04:28:45Z,2025-07-18T04:28:45Z,922805069,https://api.github.com/repos/MontrealAI/AGI-Alpha-Agent-v0,https://github.com/MontrealAI/AGI-Alpha-Agent-v0/pull/3504
3241831477,3505,Fix docs build asset exclusion,"## Summary
- include asset folders in MkDocs build

## Testing
- `pre-commit run --files mkdocs.yml`
- `mkdocs build --strict`

------
https://chatgpt.com/codex/tasks/task_e_6879cd8bae288333af873c8953db7fdf",OpenAI_Codex,24208299,MontrealAI,closed,2025-07-18T04:43:05Z,2025-07-18T04:43:14Z,2025-07-18T04:43:14Z,922805069,https://api.github.com/repos/MontrealAI/AGI-Alpha-Agent-v0,https://github.com/MontrealAI/AGI-Alpha-Agent-v0/pull/3505
3165964053,2479,Fix optional dependency handling for tests,"## Summary
- avoid failing imports when `plotly` is missing
- allow CLI modules to resolve disclaimer correctly
- improve self-healing entrypoint fallback
- skip heavy tests when optional packages are missing
- update unit tests accordingly

## Checks
- [x] I ran `pre-commit run --files src/utils/visual.py src/utils/__init__.py alpha_factory_v1/demos/alpha_agi_insight_v1/src/interface/cli.py alpha_factory_v1/demos/alpha_agi_insight_v1/src/interface/api_server.py alpha_factory_v1/demos/alpha_agi_insight_v1/src/interface/minimal_ui.py src/tools/analyse_backtrack.py tests/test_lineage_dashboard.py tests/test_world_model_notebook_exec.py tests/test_inspector_bridge_runtime.py tests/test_patcher_core_cli.py tests/test_rate_lock.py tests/test_self_heal_clone.py`
- [x] I ran `python check_env.py --auto-install`
- [x] I ran `pytest -q` and documented any failures below

## Testing
- `python check_env.py --auto-install`
- `pre-commit run --files src/utils/visual.py src/utils/__init__.py alpha_factory_v1/demos/alpha_agi_insight_v1/src/interface/cli.py alpha_factory_v1/demos/alpha_agi_insight_v1/src/interface/api_server.py alpha_factory_v1/demos/alpha_agi_insight_v1/src/interface/minimal_ui.py src/tools/analyse_backtrack.py tests/test_lineage_dashboard.py tests/test_world_model_notebook_exec.py tests/test_inspector_bridge_runtime.py tests/test_patcher_core_cli.py tests/test_rate_lock.py tests/test_self_heal_clone.py`
- `pytest -q` *(fails: 7 errors during collection)*


------
https://chatgpt.com/codex/tasks/task_e_6857f98a5d30833390fb4c5df5b45a83",OpenAI_Codex,24208299,MontrealAI,closed,2025-06-22T13:29:05Z,2025-06-22T13:29:37Z,2025-06-22T13:29:37Z,922805069,https://api.github.com/repos/MontrealAI/AGI-Alpha-Agent-v0,https://github.com/MontrealAI/AGI-Alpha-Agent-v0/pull/2479
3070257355,20,Fix fallback when numpy missing,"## Summary
- handle missing numpy in memory_fabric gracefully

## Testing
- `python -m py_compile alpha_factory_v1/backend/memory_fabric.py`
- `python -m compileall -q alpha_factory_v1`
",OpenAI_Codex,24208299,MontrealAI,closed,2025-05-17T03:31:03Z,2025-05-17T03:31:14Z,2025-05-17T03:31:14Z,922805069,https://api.github.com/repos/MontrealAI/AGI-Alpha-Agent-v0,https://github.com/MontrealAI/AGI-Alpha-Agent-v0/pull/20
3087321405,629,[alpha_factory] fix import warnings,"## Summary
- clean unused imports and fix improper import placement
- resolve semicolons and colons in meta evolver
- adjust curriculum environment imports

## Testing
- `ruff check alpha_factory_v1/__init__.py alpha_factory_v1/backend/__init__.py alpha_factory_v1/backend/agents/ping_agent.py alpha_factory_v1/backend/agents/policy_agent.py alpha_factory_v1/backend/agents/supply_chain_agent.py alpha_factory_v1/backend/agents/talent_match_agent.py alpha_factory_v1/backend/memory_graph.py alpha_factory_v1/backend/memory_fabric.py alpha_factory_v1/demos/aiga_meta_evolution/curriculum_env.py alpha_factory_v1/demos/aiga_meta_evolution/meta_evolver.py`
- `pytest -q`",OpenAI_Codex,24208299,MontrealAI,closed,2025-05-23T19:20:33Z,2025-05-23T19:21:12Z,2025-05-23T19:21:12Z,922805069,https://api.github.com/repos/MontrealAI/AGI-Alpha-Agent-v0,https://github.com/MontrealAI/AGI-Alpha-Agent-v0/pull/629
3243031132,3507,[alpha_factory] Fix axe score parsing,"## Summary
- handle array output from `@axe-core/cli`

## Testing
- `pre-commit run --files scripts/axe_score.py`
- `pytest tests/test_benchmark.py -q` *(fails: RuntimeError: API...)*

------
https://chatgpt.com/codex/tasks/task_e_687a108f46048333abd9a1bf7ee586fa",OpenAI_Codex,24208299,MontrealAI,closed,2025-07-18T12:11:28Z,2025-07-18T12:11:39Z,2025-07-18T12:11:39Z,922805069,https://api.github.com/repos/MontrealAI/AGI-Alpha-Agent-v0,https://github.com/MontrealAI/AGI-Alpha-Agent-v0/pull/3507
3176570577,2600,[alpha_factory] Fix docs workflow,"## Summary
- remove redundant `mkdocs build` step from the docs workflow

## Testing
- `python scripts/check_python_deps.py`
- `python check_env.py --auto-install`
- `pytest -q` *(fails: ModuleNotFoundError)*
- `pre-commit run --files .github/workflows/docs.yml` *(fails: could not install hooks)*

------
https://chatgpt.com/codex/tasks/task_e_685c3d8ed3fc83338f8426865950ac41",OpenAI_Codex,24208299,MontrealAI,closed,2025-06-25T18:25:39Z,2025-06-25T18:25:47Z,2025-06-25T18:25:47Z,922805069,https://api.github.com/repos/MontrealAI/AGI-Alpha-Agent-v0,https://github.com/MontrealAI/AGI-Alpha-Agent-v0/pull/2600
3131196529,168,fix: update aiohttp stubs,"## Summary
- tweak aiohttp stubs to include `self` in methods
- return standard types from `Response` helpers

## Testing
- `ruff check .`
- `black --check src/aiohttp/__init__.py src/aiohttp_local_backup/__init__.py`
- `black --check .` *(fails: many files would be reformatted)*
- `mypy .` *(fails: duplicate module error)*
- `pyright` *(fails: multiple errors)*
- `pytest -q`

------
https://chatgpt.com/codex/tasks/task_e_684707107f20832fa81642b06e1c3080",OpenAI_Codex,24324638,DannyMac180,closed,2025-06-09T19:09:12Z,2025-06-09T19:09:21Z,2025-06-09T19:09:21Z,948798043,https://api.github.com/repos/DannyMac180/meta-agent,https://github.com/DannyMac180/meta-agent/pull/168
3243285679,3511,fix: use relative paths in Insight Dockerfile,"## Summary
- copy Insight requirements with relative path
- copy built web client assets using relative path
- copy entrypoint using relative path

## Testing
- `pre-commit run --files alpha_factory_v1/demos/alpha_agi_insight_v1/infrastructure/Dockerfile`
- `pytest tests/test_diff_mutation.py::test_propose_diff_smoke -q`
- `docker build -t insight-demo-test .` *(fails: command not found)*

------
https://chatgpt.com/codex/tasks/task_e_687a4e0684008333a84c24be6567d985",OpenAI_Codex,24208299,MontrealAI,closed,2025-07-18T13:45:34Z,2025-07-18T13:45:44Z,2025-07-18T13:45:44Z,922805069,https://api.github.com/repos/MontrealAI/AGI-Alpha-Agent-v0,https://github.com/MontrealAI/AGI-Alpha-Agent-v0/pull/3511
3154189544,2303,[alpha_factory] fix mypy warnings,"## Summary
- add Iterable import for mats module
- drop stale type ignore comments in tracing and prompting
- tweak CLI helpers for mypy
- clarify optional FastAPI imports

## Testing
- `mypy --strict --config-file mypy.ini`
- `pytest -q` *(fails: Could not find a version that satisfies the requirement numpy)*

------
https://chatgpt.com/codex/tasks/task_e_68519faee54483338b73c3ef2a41f0ed",OpenAI_Codex,24208299,MontrealAI,closed,2025-06-17T17:08:40Z,2025-06-17T17:09:02Z,2025-06-17T17:09:02Z,922805069,https://api.github.com/repos/MontrealAI/AGI-Alpha-Agent-v0,https://github.com/MontrealAI/AGI-Alpha-Agent-v0/pull/2303
3238039430,3458,[alpha_factory] wait for controls panel,"## Summary
- fix Playwright test by waiting for the `#controls` element to be attached

## Testing
- `pre-commit run --files alpha_factory_v1/demos/alpha_agi_insight_v1/insight_browser_v1/tests/test_sw_update.js` *(fails: initializing environment for semgrep)*
- `npm test` *(fails: checksum mismatch for `pyodide.js` in build step)*

------
https://chatgpt.com/codex/tasks/task_e_68787596520c83339b0626385c221927",OpenAI_Codex,24208299,MontrealAI,closed,2025-07-17T04:08:43Z,2025-07-17T04:08:51Z,2025-07-17T04:08:51Z,922805069,https://api.github.com/repos/MontrealAI/AGI-Alpha-Agent-v0,https://github.com/MontrealAI/AGI-Alpha-Agent-v0/pull/3458
3263259840,3753,Fix docs SRI mismatch,"## Summary
- ensure Insight bundle has correct integrity hash in generated docs

## Testing
- `python scripts/check_insight_sri.py docs/alpha_agi_insight_v1`

------
https://chatgpt.com/codex/tasks/task_e_68837fe8797c83338595d398c66b4cbd",OpenAI_Codex,24208299,MontrealAI,closed,2025-07-25T13:34:44Z,2025-07-25T13:34:54Z,2025-07-25T13:34:54Z,922805069,https://api.github.com/repos/MontrealAI/AGI-Alpha-Agent-v0,https://github.com/MontrealAI/AGI-Alpha-Agent-v0/pull/3753
3106043791,1292,[alpha_factory] Secure tar extraction in evolution worker,"## Summary
- validate tar members in the evolution worker before extraction
- add regression test covering path traversal rejection
- document secure extraction in the Insight demo README

## Testing
- `pre-commit run --files alpha_factory_v1/demos/alpha_agi_insight_v1/src/evolution_worker.py tests/test_evolution_worker_safe_extract.py` *(fails: Failed to connect to proxy port 8080)*
- `pytest -q` *(fails: duplicated timeseries error)*

------
https://chatgpt.com/codex/tasks/task_e_683b700526788333aab1c3f9010ece46",OpenAI_Codex,24208299,MontrealAI,closed,2025-05-31T21:15:56Z,2025-05-31T21:16:26Z,2025-05-31T21:16:26Z,922805069,https://api.github.com/repos/MontrealAI/AGI-Alpha-Agent-v0,https://github.com/MontrealAI/AGI-Alpha-Agent-v0/pull/1292
3244251767,3527,Fix openai_agents fallback check,"## Summary
- guard openai_agents version check when running with --allow-basic-fallback

## Testing
- `pre-commit run --files check_env.py`
- `python check_env.py --auto-install`

------
https://chatgpt.com/codex/tasks/task_e_687aa44809448333becf10d4dd2966bc",OpenAI_Codex,24208299,MontrealAI,closed,2025-07-18T19:59:11Z,2025-07-18T19:59:21Z,2025-07-18T19:59:21Z,922805069,https://api.github.com/repos/MontrealAI/AGI-Alpha-Agent-v0,https://github.com/MontrealAI/AGI-Alpha-Agent-v0/pull/3527
3244214394,3526,Fix openai_agents detection,"## Summary
- avoid ValueError when openai_agents has no __spec__

## Testing
- `pre-commit run --files alpha_factory_v1/scripts/preflight.py`
- `pytest tests/test_check_env_core.py::test_check_env_allow_fallback -q`


------
https://chatgpt.com/codex/tasks/task_e_687a9e26c3908333a40793f36bc6b10e",OpenAI_Codex,24208299,MontrealAI,closed,2025-07-18T19:44:31Z,2025-07-18T19:44:50Z,2025-07-18T19:44:50Z,922805069,https://api.github.com/repos/MontrealAI/AGI-Alpha-Agent-v0,https://github.com/MontrealAI/AGI-Alpha-Agent-v0/pull/3526
3244161526,3525,Fix Docker asset paths,"## Summary
- fix asset copy paths in Insight Dockerfile

## Testing
- `pre-commit run --files alpha_factory_v1/demos/alpha_agi_insight_v1/infrastructure/Dockerfile`
- `pytest -m smoke -q`

------
https://chatgpt.com/codex/tasks/task_e_687a987c40b08333a5335e45456af289",OpenAI_Codex,24208299,MontrealAI,closed,2025-07-18T19:17:33Z,2025-07-18T19:18:00Z,2025-07-18T19:18:00Z,922805069,https://api.github.com/repos/MontrealAI/AGI-Alpha-Agent-v0,https://github.com/MontrealAI/AGI-Alpha-Agent-v0/pull/3525
3166234825,2494,[alpha_factory] fix tests with stubs,"## Summary
- add demo utils module
- document PYTHONPATH stubs for subprocess tests
- stub missing packages for offline tests
- ensure subprocess tests include stub paths

## Testing
- `pytest tests/test_alpha_agi_insight_v1_main.py::TestAlphaAgiInsightMainV1::test_cli_help -q`
- `pytest tests/test_alpha_conversion_stub.py -q`
- `pytest tests/test_api_server_subprocess.py::test_simulate_curve_subprocess -q`


------
https://chatgpt.com/codex/tasks/task_e_68585b59780c833390907e6fe44dbac1",OpenAI_Codex,24208299,MontrealAI,closed,2025-06-22T20:05:47Z,2025-06-22T20:09:08Z,2025-06-22T20:09:08Z,922805069,https://api.github.com/repos/MontrealAI/AGI-Alpha-Agent-v0,https://github.com/MontrealAI/AGI-Alpha-Agent-v0/pull/2494
3133977496,179,fix: improve template utilities,"## Summary
- allow optional template directory for TemplateEngine
- annotate ToolCodeGenerator's class-level Jinja objects
- use BaseLoader when instantiating TemplateMixer
- coerce imported template metadata to enums
- handle model_dump access gracefully in TemplateRegistry

## Testing
- `ruff check .`
- `black --check .` *(fails: would reformat 50 files)*
- `mypy .` *(fails: duplicate module error)*
- `pyright` *(fails: 82 errors, 4 warnings)*
- `pytest -v tests`

------
https://chatgpt.com/codex/tasks/task_e_6847361c59c4832f8d063ef6f606984f",OpenAI_Codex,24324638,DannyMac180,closed,2025-06-10T15:09:41Z,2025-06-10T15:23:51Z,2025-06-10T15:23:51Z,948798043,https://api.github.com/repos/DannyMac180/meta-agent,https://github.com/DannyMac180/meta-agent/pull/179
3196146931,2873,Fix docs workflow yaml,"## Summary
- add YAML document header and quote `on`
- inline comment for workflow_dispatch
- run `yamllint` to verify syntax

## Testing
- `yamllint .github/workflows/docs.yml`
- `SKIP=verify-requirements-lock,verify-alpha-requirements-lock,verify-alpha-colab-requirements-lock,verify-mats-demo-lock,verify-mats-requirements-lock,verify-aiga-requirements-lock,verify-backend-requirements-lock,verify-era-experience-requirements-lock,env-check,verify-disclaimer-helper,verify-gallery-assets pre-commit run --files .github/workflows/docs.yml`
- `python check_env.py --auto-install`
- `pytest tests/test_ping_agent.py tests/test_af_requests.py -q`

------
https://chatgpt.com/codex/tasks/task_e_6865413e9240833397e5a6189b1bb35b",OpenAI_Codex,24208299,MontrealAI,closed,2025-07-02T14:36:01Z,2025-07-02T14:37:52Z,2025-07-02T14:37:52Z,922805069,https://api.github.com/repos/MontrealAI/AGI-Alpha-Agent-v0,https://github.com/MontrealAI/AGI-Alpha-Agent-v0/pull/2873
3213595337,3109,Fix asset links,"## Summary
- point `bridge_overview.svg` to docs asset
- use GitHub link for the marketplace demo notebook

## Testing
- `pre-commit run --files alpha_factory_v1/demos/alpha_agi_marketplace_v1/README.md docs/demos/aiga_meta_evolution.md`
- `mkdocs build`

------
https://chatgpt.com/codex/tasks/task_e_686d7107ea1c8333b8e8ffe425bb812a",OpenAI_Codex,24208299,MontrealAI,closed,2025-07-08T19:41:10Z,2025-07-08T19:41:28Z,2025-07-08T19:41:28Z,922805069,https://api.github.com/repos/MontrealAI/AGI-Alpha-Agent-v0,https://github.com/MontrealAI/AGI-Alpha-Agent-v0/pull/3109
3204959414,2984,fix: simplify Pyodide fallback URLs,"## Summary
- cleanup fallback logic in `fetch_assets.py`
- keep docs workflow keying on `repodata.json` checksum

## Testing
- `pre-commit run --files scripts/fetch_assets.py .github/workflows/docs.yml` *(fails: Verify requirements.lock timed out)*

------
https://chatgpt.com/codex/tasks/task_e_6869287a67f88333a36746ed9c50c818",OpenAI_Codex,24208299,MontrealAI,closed,2025-07-05T13:39:58Z,2025-07-05T13:40:10Z,2025-07-05T13:40:10Z,922805069,https://api.github.com/repos/MontrealAI/AGI-Alpha-Agent-v0,https://github.com/MontrealAI/AGI-Alpha-Agent-v0/pull/2984
3128353447,1856,[alpha_factory] skip CI tests for non-owner,"## Summary
- ensure CI tests only run when triggered by repo owner

## Testing
- `python scripts/check_python_deps.py` *(fails: Missing packages numpy, yaml, pandas)*
- `python check_env.py --auto-install` *(failed: process interrupted)*
- `pre-commit run --all-files` *(failed: initialization interrupted)*
- `pytest -q` *(failed: ModuleNotFoundError: No module named 'numpy')*


------
https://chatgpt.com/codex/tasks/task_e_68458dd75df8833389161a3d2dfa5aef",OpenAI_Codex,24208299,MontrealAI,closed,2025-06-08T13:26:27Z,2025-06-08T13:26:36Z,2025-06-08T13:26:36Z,922805069,https://api.github.com/repos/MontrealAI/AGI-Alpha-Agent-v0,https://github.com/MontrealAI/AGI-Alpha-Agent-v0/pull/1856
3277212900,3923,Fix test logging offline handling,"## Summary
- ensure agent logging tests unset AGI_INSIGHT_OFFLINE

## Testing
- `pytest tests/test_agent_logging.py::test_market_agent_logs_exception -q`
- `pytest tests/test_agent_logging.py::test_research_agent_logs_exception -q`
- `pytest --cov --cov-report=xml --cov-fail-under=80` *(fails: 7 failed, 133 passed)*
- `pre-commit run --files tests/test_agent_logging.py .github/workflows/ci.yml` *(fails: KeyboardInterrupt during environment install)*

------
https://chatgpt.com/codex/tasks/task_e_688a21e8a9ec8333b41392eb7e761063",OpenAI_Codex,24208299,MontrealAI,closed,2025-07-30T14:04:21Z,2025-07-30T14:06:38Z,2025-07-30T14:06:38Z,922805069,https://api.github.com/repos/MontrealAI/AGI-Alpha-Agent-v0,https://github.com/MontrealAI/AGI-Alpha-Agent-v0/pull/3923
3117410166,151,fix: ensure search_docs warning test sets PYTHONPATH,"## Summary
- ensure subprocess import of `meta_agent.search_docs` succeeds by adding `src` to `PYTHONPATH`

## Testing
- `ruff check tests/unit/test_search_docs.py`
- `black --check tests/unit/test_search_docs.py`
- `pytest tests/unit/test_search_docs.py::test_import_fallback_logs_warning -q`
- `mypy tests/unit/test_search_docs.py`
- `pyright tests/unit/test_search_docs.py`


------
https://chatgpt.com/codex/tasks/task_e_684025449b00832fa9804f5373119ef3",OpenAI_Codex,24324638,DannyMac180,closed,2025-06-04T10:57:49Z,2025-06-04T10:59:22Z,2025-06-04T10:59:22Z,948798043,https://api.github.com/repos/DannyMac180/meta-agent,https://github.com/DannyMac180/meta-agent/pull/151
3087811565,671,[alpha_factory] remove default Neo4j password,"## Summary
- replace default Neo4j password in `.env.sample` and Helm chart
- enforce explicit password in `neo4j_graph.py`

## Testing
- `python alpha_factory_v1/scripts/preflight.py --help` *(fails: docker missing)*
- `python check_env.py --auto-install`
- `pytest -q`
- `pre-commit run --files alpha_factory_v1/.env.sample alpha_factory_v1/backend/integrations/neo4j_graph.py alpha_factory_v1/helm/alpha-factory/values.yaml` *(fails: pre-commit not installed)*
- `flake8 alpha_factory_v1/backend/integrations/neo4j_graph.py` *(fails: flake8 not installed)*
- `mypy --config-file mypy.ini alpha_factory_v1/backend/integrations/neo4j_graph.py` *(fails: numerous errors)*",OpenAI_Codex,24208299,MontrealAI,closed,2025-05-24T00:48:30Z,2025-05-24T00:48:39Z,2025-05-24T00:48:39Z,922805069,https://api.github.com/repos/MontrealAI/AGI-Alpha-Agent-v0,https://github.com/MontrealAI/AGI-Alpha-Agent-v0/pull/671
3087923886,686,[alpha_factory] fix orchestrator logging,"## Summary
- avoid forcing logging.basicConfig in orchestrator

## Testing
- `python check_env.py --auto-install`
- `pytest -q`
- `timeout 5 python -m alpha_factory_v1.run --dev --loglevel INFO`",OpenAI_Codex,24208299,MontrealAI,closed,2025-05-24T02:49:16Z,2025-05-24T02:50:15Z,2025-05-24T02:50:15Z,922805069,https://api.github.com/repos/MontrealAI/AGI-Alpha-Agent-v0,https://github.com/MontrealAI/AGI-Alpha-Agent-v0/pull/686
3119718561,1567,[alpha_factory] Update business demo docs,"## Summary
- fix localhost port in alpha agi business demo

## Testing
- `python check_env.py --auto-install`
- `pytest -q` *(fails: Duplicated timeseries in CollectorRegistry)*
- `pre-commit run --files alpha_factory_v1/demos/alpha_agi_business_v1/README.md` *(failed to complete due to environment limits)*

------
https://chatgpt.com/codex/tasks/task_e_68410cd8b3288333848388ab314949c2",OpenAI_Codex,24208299,MontrealAI,closed,2025-06-05T03:28:36Z,2025-06-05T03:28:45Z,2025-06-05T03:28:45Z,922805069,https://api.github.com/repos/MontrealAI/AGI-Alpha-Agent-v0,https://github.com/MontrealAI/AGI-Alpha-Agent-v0/pull/1567
3072055391,318,Improve Era-of-Experience robustness,"## Summary
- make offline asset downloads in `run_experience_demo.sh` tolerant to network errors
- add regression tests for `era_of_experience` demo

## Testing
- `python -m alpha_factory_v1.scripts.run_tests tests`",OpenAI_Codex,24208299,MontrealAI,closed,2025-05-18T20:57:45Z,2025-05-18T20:59:12Z,2025-05-18T20:59:12Z,922805069,https://api.github.com/repos/MontrealAI/AGI-Alpha-Agent-v0,https://github.com/MontrealAI/AGI-Alpha-Agent-v0/pull/318
3245195544,3545,Fix Dockerfile install step,"## Summary
- relax strict hash installation in Dockerfile to avoid build failures

## Testing
- `pytest -m smoke -q`
- `mkdocs build` *(fails: command not found)*
- `docker build` *(fails: command not found)*

------
https://chatgpt.com/codex/tasks/task_e_687b1f9eb49c8333b19bcb7310422cd4",OpenAI_Codex,24208299,MontrealAI,closed,2025-07-19T10:35:34Z,2025-07-19T10:35:49Z,2025-07-19T10:35:49Z,922805069,https://api.github.com/repos/MontrealAI/AGI-Alpha-Agent-v0,https://github.com/MontrealAI/AGI-Alpha-Agent-v0/pull/3545
3119796006,1576,[alpha_factory] fix demo agent registration,"## Summary
- avoid duplicate registration in alpha_agi_business_v1 demo
- regression test for idempotent register_demo_agents

## Testing
- `python check_env.py --auto-install`
- `pytest -q tests/test_demo_registration.py`
- `pytest -q` *(fails: Duplicated timeseries in CollectorRegistry)*
- `pre-commit run --files alpha_factory_v1/demos/alpha_agi_business_v1/alpha_agi_business_v1.py tests/test_demo_registration.py` *(fails: Makefile proto-verify step)*

------
https://chatgpt.com/codex/tasks/task_e_68411a72ebf483339199efcb714b483a",OpenAI_Codex,24208299,MontrealAI,closed,2025-06-05T04:28:35Z,2025-06-05T04:28:46Z,2025-06-05T04:28:46Z,922805069,https://api.github.com/repos/MontrealAI/AGI-Alpha-Agent-v0,https://github.com/MontrealAI/AGI-Alpha-Agent-v0/pull/1576
3088645334,734,[alpha_factory] Lazy log directory,"## Summary
- make log directory creation lazy inside `_read_logs`
- add unit test for lazy log directory behavior

## Testing
- `python check_env.py --auto-install`
- `pytest -q` *(fails: tests/test_orchestrator_env.py::TestOrchestratorEnv::test_invalid_numeric_fallback, tests/test_orchestrator_no_fastapi.py::TestNoFastAPI::test_build_rest_none)*",OpenAI_Codex,24208299,MontrealAI,closed,2025-05-24T18:15:24Z,2025-05-24T18:27:29Z,2025-05-24T18:27:29Z,922805069,https://api.github.com/repos/MontrealAI/AGI-Alpha-Agent-v0,https://github.com/MontrealAI/AGI-Alpha-Agent-v0/pull/734
3115063580,1506,[alpha_factory] fix closing tags for insight browser,"## Summary
- rebuild `dist/index.html` with closing tags and env vars
- add regression test for closing tags

## Testing
- `python check_env.py --auto-install`
- `pytest -q` *(fails: Duplicated timeseries error)*

------
https://chatgpt.com/codex/tasks/task_e_683f3e57725c83339c894db4cdca257d",OpenAI_Codex,24208299,MontrealAI,closed,2025-06-03T18:45:52Z,2025-06-03T18:47:34Z,2025-06-03T18:47:34Z,922805069,https://api.github.com/repos/MontrealAI/AGI-Alpha-Agent-v0,https://github.com/MontrealAI/AGI-Alpha-Agent-v0/pull/1506
3161004272,2383,[alpha_factory] audit safe_eval usage,"## Summary
- harden `_safe_eval` to reject unexpected AST nodes
- add unit tests covering malicious expression handling

## Testing
- `python scripts/check_python_deps.py` *(fails: Missing packages)*
- `python check_env.py --auto-install` *(fails: No network connectivity)*
- `PYTHONPATH=$(pwd) pytest -q tests/test_safe_eval_security.py` *(fails: environment check)*
- `pre-commit run --files alpha_factory_v1/demos/sovereign_agentic_agialpha_agent_v0/deploy_sovereign_agialpha_agent_v0.sh tests/test_safe_eval_security.py` *(fails: initialization error)*

------
https://chatgpt.com/codex/tasks/task_e_68544a42b3408333bd4886ede5861061",OpenAI_Codex,24208299,MontrealAI,closed,2025-06-19T17:45:49Z,2025-06-19T17:45:58Z,2025-06-19T17:45:58Z,922805069,https://api.github.com/repos/MontrealAI/AGI-Alpha-Agent-v0,https://github.com/MontrealAI/AGI-Alpha-Agent-v0/pull/2383
3157944106,2347,[alpha_factory] fix meta tree search imports,"## Summary
- update importlib usage in MATS rewrite logic
- refine openai rewriter to cast candidate list
- clean up run_demo imports and rewrite functions

## Testing
- `pre-commit run --files alpha_factory_v1/demos/meta_agentic_tree_search_v0/mats/meta_rewrite.py alpha_factory_v1/demos/meta_agentic_tree_search_v0/run_demo.py` *(failed: requirements.lock check)*
- `python scripts/check_python_deps.py` *(reported missing packages)*
- `python check_env.py --auto-install` *(failed: no network)*
- `pytest -q` *(failed: Environment check failed)*
- `mypy alpha_factory_v1/demos/meta_agentic_tree_search_v0/*.py alpha_factory_v1/demos/meta_agentic_tree_search_v0/mats/*.py`

------
https://chatgpt.com/codex/tasks/task_e_6853108966c48333bbd40d4b1a32abdc",OpenAI_Codex,24208299,MontrealAI,closed,2025-06-18T19:25:23Z,2025-06-18T19:25:40Z,2025-06-18T19:25:40Z,922805069,https://api.github.com/repos/MontrealAI/AGI-Alpha-Agent-v0,https://github.com/MontrealAI/AGI-Alpha-Agent-v0/pull/2347
3157921529,2346,[alpha_factory] fix: remove unused Any import,"## Summary
- tidy `openai_agents_bridge.py`

## Testing
- `ruff check alpha_factory_v1/demos/meta_agentic_tree_search_v0/openai_agents_bridge.py`
- `pre-commit run --files alpha_factory_v1/demos/meta_agentic_tree_search_v0/openai_agents_bridge.py` *(fails: proto-verify, verify-requirements-lock)*
- `python scripts/check_python_deps.py` *(fails: numpy, pandas missing)*
- `python check_env.py --auto-install` *(fails: no network)*
- `pytest -q` *(fails: environment check)*

------
https://chatgpt.com/codex/tasks/task_e_68530ecb9d3483339496ba66864b9da0",OpenAI_Codex,24208299,MontrealAI,closed,2025-06-18T19:15:30Z,2025-06-18T19:16:17Z,2025-06-18T19:16:17Z,922805069,https://api.github.com/repos/MontrealAI/AGI-Alpha-Agent-v0,https://github.com/MontrealAI/AGI-Alpha-Agent-v0/pull/2346
3074842735,23,fix: address failing tests,"## Summary
- adjust llm_service API call for mocks
- enhance orchestrator results
- fix tool registry loading helpers
- import asyncio in llm_service tests

## Testing
- `ruff check src/meta_agent/services/llm_service.py src/meta_agent/orchestrator.py tests/unit/test_llm_service_api.py src/meta_agent/registry.py`
- `black src/meta_agent/services/llm_service.py src/meta_agent/orchestrator.py tests/unit/test_llm_service_api.py src/meta_agent/registry.py`
- `pytest tests/unit/test_llm_service_api.py -q`
- `pytest tests/integration/test_tool_lifecycle.py::test_tool_refinement_major_version_bump -q`
- `pytest tests/integration/test_tool_lifecycle.py::test_tool_refinement_version_bump tests/integration/test_tool_lifecycle.py::test_subagent_manager_create_tool -q`
- `pytest tests/integration/test_orchestrator_integration.py::test_orchestrator_integration_flow -q`
- `pytest tests/test_cli.py::test_cli_generate_spec_file_json -q` *(fails)*",OpenAI_Codex,24324638,DannyMac180,closed,2025-05-19T19:42:57Z,2025-05-19T19:44:38Z,2025-05-19T19:44:38Z,948798043,https://api.github.com/repos/DannyMac180/meta-agent,https://github.com/DannyMac180/meta-agent/pull/23
3087888132,681,[alpha_factory] prevent symlink extraction,"## Summary
- disallow symlinks during model upload
- test that symlinked archives are rejected

## Testing
- `python check_env.py --auto-install`
- `pytest -q`",OpenAI_Codex,24208299,MontrealAI,closed,2025-05-24T01:54:23Z,2025-05-24T01:54:35Z,2025-05-24T01:54:35Z,922805069,https://api.github.com/repos/MontrealAI/AGI-Alpha-Agent-v0,https://github.com/MontrealAI/AGI-Alpha-Agent-v0/pull/681
3074522103,380,Improve demo compatibility,"## Summary
- ensure all demo shell scripts have execute permissions
- make stub agent fall back cleanly when the Agents SDK is absent

## Testing
- `python -m unittest tests.test_demos.TestDemos.test_demo_shell_scripts -v`
- `python -m unittest discover tests -v`",OpenAI_Codex,24208299,MontrealAI,closed,2025-05-19T17:14:28Z,2025-05-19T17:16:04Z,2025-05-19T17:16:04Z,922805069,https://api.github.com/repos/MontrealAI/AGI-Alpha-Agent-v0,https://github.com/MontrealAI/AGI-Alpha-Agent-v0/pull/380
3074536382,381,Fix path in Era-of-Experience Colab,"## Summary
- fix path for supply chain alpha sample in the Colab demo

## Testing
- `python -m unittest tests.test_era_experience -v`
",OpenAI_Codex,24208299,MontrealAI,closed,2025-05-19T17:20:10Z,2025-05-19T17:21:23Z,2025-05-19T17:21:22Z,922805069,https://api.github.com/repos/MontrealAI/AGI-Alpha-Agent-v0,https://github.com/MontrealAI/AGI-Alpha-Agent-v0/pull/381
3074586763,383,Fix era demo alpha_report constants & exec scripts,"## Summary
- add constant definitions in `alpha_report`
- make demo shell scripts executable for tests

## Testing
- `python -m unittest discover -s tests`",OpenAI_Codex,24208299,MontrealAI,closed,2025-05-19T17:42:54Z,2025-05-19T17:45:10Z,2025-05-19T17:45:10Z,922805069,https://api.github.com/repos/MontrealAI/AGI-Alpha-Agent-v0,https://github.com/MontrealAI/AGI-Alpha-Agent-v0/pull/383
3075195284,394,Fix alpha business demo defaults,"## Summary
- import AgentBase from proper module
- set ALPHA_ENABLED_AGENTS defaults only after env configured
- mention env variable in README
- make `check_env` tolerant of invalid packages

## Testing
- `pytest -q` *(fails: command not found)*",OpenAI_Codex,24208299,MontrealAI,closed,2025-05-19T23:03:00Z,2025-05-19T23:08:36Z,2025-05-19T23:08:36Z,922805069,https://api.github.com/repos/MontrealAI/AGI-Alpha-Agent-v0,https://github.com/MontrealAI/AGI-Alpha-Agent-v0/pull/394
3077092482,409,Fix OpenAI Agents bridge CLI port argument,"## Summary
- fix `openai_agents_bridge.py` CLI argument to use `--port`

## Testing
- `python check_env.py`
- `pytest -q` *(fails: command not found)*",OpenAI_Codex,24208299,MontrealAI,closed,2025-05-20T13:45:49Z,2025-05-20T14:00:59Z,2025-05-20T14:00:59Z,922805069,https://api.github.com/repos/MontrealAI/AGI-Alpha-Agent-v0,https://github.com/MontrealAI/AGI-Alpha-Agent-v0/pull/409
3077594305,420,Fix bridge host environment propagation,"## Summary
- propagate `BUSINESS_HOST` when using local launcher
- start OpenAI Agents bridge with correct host
- test compile for `run_business_v1_local.py`

## Testing
- `python -m unittest tests.test_alpha_business_v1_script -v`
- `python -m unittest tests.test_openai_bridge -v`
- `python -m unittest discover tests` *(fails: demo shell scripts not executable)*",OpenAI_Codex,24208299,MontrealAI,closed,2025-05-20T16:25:23Z,2025-05-20T16:28:05Z,2025-05-20T16:28:05Z,922805069,https://api.github.com/repos/MontrealAI/AGI-Alpha-Agent-v0,https://github.com/MontrealAI/AGI-Alpha-Agent-v0/pull/420
3077638020,422,Fix local business launcher,"## Summary
- patch alpha_agi_business_v1 `run_business_v1_local.py` to set `BUSINESS_HOST` correctly before launching the OpenAI Agents bridge
- keep offline mode handling intact

## Testing
- `python -m alpha_factory_v1.scripts.run_tests`",OpenAI_Codex,24208299,MontrealAI,closed,2025-05-20T16:42:29Z,2025-05-20T16:44:06Z,2025-05-20T16:44:06Z,922805069,https://api.github.com/repos/MontrealAI/AGI-Alpha-Agent-v0,https://github.com/MontrealAI/AGI-Alpha-Agent-v0/pull/422
3177456304,2618,fix: defer plotly script in docs,"## Summary
- load Plotly asynchronously in `alpha_agi_insight_v1` demo
- defer the site script so Plotly is ready first

## Testing
- `python -m playwright install chromium`
- `python - <<'PY'
from playwright.sync_api import sync_playwright
url = 'http://localhost:8000/docs/alpha_agi_insight_v1/index.html'
with sync_playwright() as p:
    browser = p.chromium.launch()
    page = browser.new_page()
    page.goto(url)
    page.wait_for_selector('#capability-chart .main-svg', timeout=10000)
    page.wait_for_selector('#timeline-chart .main-svg', timeout=10000)
    page.wait_for_selector('#pareto-chart .main-svg', timeout=10000)
    print('Charts loaded successfully with deferred script')
    browser.close()
PY

------
https://chatgpt.com/codex/tasks/task_e_685ca4a51e0c83338a06ce7682d90449",OpenAI_Codex,24208299,MontrealAI,closed,2025-06-26T01:49:43Z,2025-06-26T01:49:52Z,2025-06-26T01:49:52Z,922805069,https://api.github.com/repos/MontrealAI/AGI-Alpha-Agent-v0,https://github.com/MontrealAI/AGI-Alpha-Agent-v0/pull/2618
3213271731,3102,[alpha_factory] fix generate_demo_docs links,"## Summary
- rewrite leftover relative links in generate_demo_docs to GitHub URLs
- keep notebook references and assets when generating docs
- update and expand tests for README links and notebook paths

## Testing
- `pre-commit run --files scripts/generate_demo_docs.py tests/test_generate_demo_docs.py`
- `pytest -q tests/test_generate_demo_docs.py::test_generate_docs tests/test_generate_demo_docs.py::test_relative_links_converted`
- `pytest -q` *(fails: AttributeError during collection)*

------
https://chatgpt.com/codex/tasks/task_e_686d524696088333822b3ea5d0d1bafe",OpenAI_Codex,24208299,MontrealAI,closed,2025-07-08T17:28:51Z,2025-07-08T17:29:43Z,2025-07-08T17:29:43Z,922805069,https://api.github.com/repos/MontrealAI/AGI-Alpha-Agent-v0,https://github.com/MontrealAI/AGI-Alpha-Agent-v0/pull/3102
3213563388,3108,Fix demo link rewriting,"## Summary
- adjust `_rewrite` in `generate_demo_docs.py` to handle directory links
- regenerate docs with updated script

## Testing
- `pre-commit run --files $(git status --short | awk '{print $2}')`
- `mkdocs build --strict`


------
https://chatgpt.com/codex/tasks/task_e_686d6f193b6083339baec22414b524f8",OpenAI_Codex,24208299,MontrealAI,closed,2025-07-08T19:26:40Z,2025-07-08T19:26:56Z,2025-07-08T19:26:55Z,922805069,https://api.github.com/repos/MontrealAI/AGI-Alpha-Agent-v0,https://github.com/MontrealAI/AGI-Alpha-Agent-v0/pull/3108
3095437168,1020,[alpha_factory] Fix tracing utils typing,"## Summary
- refine optional typing for metrics/trace
- add explicit return type for `span`

## Testing
- `mypy --config-file mypy.ini alpha_factory_v1/demos/alpha_agi_insight_v1/src/utils/tracing.py`
- `python check_env.py --auto-install`
- `pytest -q`
- `pre-commit run --files alpha_factory_v1/demos/alpha_agi_insight_v1/src/utils/tracing.py` *(fails: pre-commit not installed)*",OpenAI_Codex,24208299,MontrealAI,closed,2025-05-27T22:52:30Z,2025-05-27T22:52:49Z,2025-05-27T22:52:49Z,922805069,https://api.github.com/repos/MontrealAI/AGI-Alpha-Agent-v0,https://github.com/MontrealAI/AGI-Alpha-Agent-v0/pull/1020
3134088328,183,fix: address typing issues in tests,"## Summary
- use alias parameter name `type` in generator tests
- verify AST node types before checking attributes
- annotate StateManager report dicts in integration tests
- declare spec dictionaries as typed in sub agent tests

## Testing
- `black --check tests/generators/test_test_generator.py tests/generators/test_tool_code_generator.py tests/integration/test_orchestration_e2e.py tests/test_e2e.py tests/test_state_manager.py tests/unit/test_sub_agent_manager.py`
- `ruff check tests/generators/test_test_generator.py tests/generators/test_tool_code_generator.py tests/integration/test_orchestration_e2e.py tests/test_e2e.py tests/test_state_manager.py tests/unit/test_sub_agent_manager.py`
- `mypy src/meta_agent tests --explicit-package-bases` *(fails: Cannot find implementation or library stubs)*
- `pyright` *(fails: multiple type errors)*
- `pytest -v --cov=src/meta_agent tests` *(fails: unrecognized arguments)*

------
https://chatgpt.com/codex/tasks/task_e_684736231b90832f95c5ad23e531bb58",OpenAI_Codex,24324638,DannyMac180,closed,2025-06-10T15:43:15Z,2025-06-11T00:27:02Z,2025-06-11T00:27:02Z,948798043,https://api.github.com/repos/DannyMac180/meta-agent,https://github.com/DannyMac180/meta-agent/pull/183
3115090238,1507,[alpha_factory] cleanup iframe worker listeners,"## Summary
- remove message handler when iframe workers terminate
- add regression test for iframe worker cleanup
- run new test from npm script

## Testing
- `python check_env.py --auto-install`
- `pytest -q` *(fails: ValueError: Duplicated timeseries in CollectorRegistry)*
- `npm test` *(fails: Cannot find package 'ts-node')*

------
https://chatgpt.com/codex/tasks/task_e_683f42d4634883339781f5d093482bdb",OpenAI_Codex,24208299,MontrealAI,closed,2025-06-03T18:54:41Z,2025-06-03T18:55:15Z,2025-06-03T18:55:15Z,922805069,https://api.github.com/repos/MontrealAI/AGI-Alpha-Agent-v0,https://github.com/MontrealAI/AGI-Alpha-Agent-v0/pull/1507
3070820409,58,Fix quickstart path handling,"## Summary
- update quickstart.sh to run from repo root
- reference package path for preflight and requirements

## Testing
- `python3 -m unittest alpha_factory_v1.tests.test_cli -v`
- `python3 -m unittest alpha_factory_v1.tests.test_memory -v`
",OpenAI_Codex,24208299,MontrealAI,closed,2025-05-17T14:29:07Z,2025-05-17T14:29:29Z,2025-05-17T14:29:29Z,922805069,https://api.github.com/repos/MontrealAI/AGI-Alpha-Agent-v0,https://github.com/MontrealAI/AGI-Alpha-Agent-v0/pull/58
3213338667,3104,Fix docs build,"## Summary
- enforce MkDocs strict mode in docs build script

## Testing
- `pre-commit run --files scripts/build_insight_docs.sh`
- `mkdocs build --strict`

------
https://chatgpt.com/codex/tasks/task_e_686d58c161608333abf3714a749c55c1",OpenAI_Codex,24208299,MontrealAI,closed,2025-07-08T17:56:30Z,2025-07-08T17:56:42Z,2025-07-08T17:56:42Z,922805069,https://api.github.com/repos/MontrealAI/AGI-Alpha-Agent-v0,https://github.com/MontrealAI/AGI-Alpha-Agent-v0/pull/3104
3241271075,3491,[alpha_factory] fix mkdocs asset exclusions,"## Summary
- ignore asset README files in mkdocs

## Testing
- `mkdocs build --strict`
- `pre-commit run --files mkdocs.yml`

------
https://chatgpt.com/codex/tasks/task_e_687986e6aa8483339a707f0452440939",OpenAI_Codex,24208299,MontrealAI,closed,2025-07-17T23:37:15Z,2025-07-17T23:37:23Z,2025-07-17T23:37:23Z,922805069,https://api.github.com/repos/MontrealAI/AGI-Alpha-Agent-v0,https://github.com/MontrealAI/AGI-Alpha-Agent-v0/pull/3491
3088797154,758,[alpha_factory] Fix typing issues,"## Summary
- tweak logger level selection
- type and sanitize OR-Tools wrapper imports

## Testing
- `python check_env.py --auto-install`
- `pytest -q` *(fails: TestOrchestratorEnv::test_invalid_numeric_fallback, TestServeGrpc::test_server_starts_with_env_port, TestNoFastAPI::test_build_rest_none)*
- `pre-commit` *(failed to run: pre-commit not installed)*",OpenAI_Codex,24208299,MontrealAI,closed,2025-05-24T22:07:01Z,2025-05-24T22:07:21Z,2025-05-24T22:07:21Z,922805069,https://api.github.com/repos/MontrealAI/AGI-Alpha-Agent-v0,https://github.com/MontrealAI/AGI-Alpha-Agent-v0/pull/758
3179474363,2630,[alpha_factory] fix service worker placeholders,"## Summary
- remove __WORKBOX_SW_HASH__ and __CACHE_VERSION__ placeholders from `docs/alpha_agi_insight_v1/service-worker.js`

## Testing
- `python scripts/check_python_deps.py`
- `python check_env.py --auto-install`
- `pytest -q` *(fails: ModuleNotFoundError)*
- `pre-commit run --files docs/alpha_agi_insight_v1/service-worker.js alpha_factory_v1/demos/alpha_agi_insight_v1/insight_browser_v1/build_assets.json` *(fails: proto-verify, verify-requirements-lock)*
- `./scripts/build_insight_docs.sh` *(fails: Checksum mismatch for pyodide.js)*

------
https://chatgpt.com/codex/tasks/task_e_685d5f66be648333a064af4957723371",OpenAI_Codex,24208299,MontrealAI,closed,2025-06-26T15:15:28Z,2025-06-26T15:15:38Z,2025-06-26T15:15:38Z,922805069,https://api.github.com/repos/MontrealAI/AGI-Alpha-Agent-v0,https://github.com/MontrealAI/AGI-Alpha-Agent-v0/pull/2630
3200480404,2910,[alpha_factory] fix wasm asset mirror note,"## Summary
- point `OPENAI_GPT2_URL` at the official GPT‑2 117M location
- add troubleshooting note for `npm run fetch-assets`

## Testing
- `python scripts/check_python_deps.py`
- `python check_env.py --auto-install`
- `pytest -q` *(fails: ImportError: cannot import name 'research_agent')*
- `pre-commit run --files README.md alpha_factory_v1/demos/alpha_agi_insight_v1/insight_browser_v1/README.md` *(fails: verify-requirements-lock)*

------
https://chatgpt.com/codex/tasks/task_e_6866d8cbf760833396a4626f4b101be9",OpenAI_Codex,24208299,MontrealAI,closed,2025-07-03T19:50:32Z,2025-07-03T19:50:45Z,2025-07-03T19:50:45Z,922805069,https://api.github.com/repos/MontrealAI/AGI-Alpha-Agent-v0,https://github.com/MontrealAI/AGI-Alpha-Agent-v0/pull/2910
3262897477,3751,Fix docs SRI and verify CI matrix,"## Summary
- remove outdated integrity attribute from the Insight demo docs page

## Testing
- `pre-commit run --files docs/alpha_agi_insight_v1/index.html`
- `python check_env.py --auto-install`
- `pytest -m 'not slow' -k '' -q` *(fails: ModuleNotFoundError: No module named 'gymnasium', KeyError: 'url', etc.)*

------
https://chatgpt.com/codex/tasks/task_e_688306d0ca608333a95b23145a8f8991",OpenAI_Codex,24208299,MontrealAI,closed,2025-07-25T11:24:03Z,2025-07-25T11:24:20Z,2025-07-25T11:24:20Z,922805069,https://api.github.com/repos/MontrealAI/AGI-Alpha-Agent-v0,https://github.com/MontrealAI/AGI-Alpha-Agent-v0/pull/3751
3088650298,71,fix: sandbox manager validation tests,"## Summary
- create simple pytest_asyncio plugin for local tests
- stub docker module during unit tests
- validate sandbox inputs before execution
- adjust pytest config to avoid missing plugin errors

## Testing
- `ruff check .`
- `black --check .` *(fails: would reformat many files)*
- `mypy src/meta_agent/sandbox/sandbox_manager.py tests/unit/test_sandbox_manager.py` *(fails: library stubs not installed for ""docker"")*
- `pyright src/meta_agent/sandbox/sandbox_manager.py tests/unit/test_sandbox_manager.py` *(fails: ""errors"" is not a known attribute of module ""docker"")*
- `PYTHONPATH=src pytest tests/unit/test_sandbox_manager.py::test_invalid_command tests/unit/test_sandbox_manager.py::test_invalid_resources tests/unit/test_sandbox_manager.py::test_suspicious_output_logs -q`",OpenAI_Codex,24324638,DannyMac180,closed,2025-05-24T18:25:26Z,2025-05-24T18:26:17Z,2025-05-24T18:26:17Z,948798043,https://api.github.com/repos/DannyMac180/meta-agent,https://github.com/DannyMac180/meta-agent/pull/71
3088789377,72,fix: sandbox validation tests,"## Summary
- stub docker module and pytest_asyncio plugin for testing
- validate inputs before running sandbox container
- detect suspicious sandbox output
- test sandbox security logic

## Testing
- `ruff check .` *(fails: `pytest_asyncio.py:2:8 F401` etc.)*
- `black --check .` *(fails: would reformat files)*
- `mypy src/meta_agent/sandbox/sandbox_manager.py tests/unit/test_sandbox_manager.py`
- `pyright src/meta_agent/sandbox/sandbox_manager.py tests/unit/test_sandbox_manager.py`
- `PYTHONPATH="".:src"" pytest tests/unit/test_sandbox_manager.py::test_invalid_command tests/unit/test_sandbox_manager.py::test_invalid_resources tests/unit/test_sandbox_manager.py::test_suspicious_output_logs -q`
",OpenAI_Codex,24324638,DannyMac180,closed,2025-05-24T21:59:57Z,2025-05-24T22:03:06Z,2025-05-24T22:03:06Z,948798043,https://api.github.com/repos/DannyMac180/meta-agent,https://github.com/DannyMac180/meta-agent/pull/72
3243143343,3508,[alpha_factory] resilient agents imports,"## Summary
- handle missing OpenAIAgent gracefully
- sync openai_agents stub
- skip auto install when openai-agents API missing
- update integration test monkeypatch

## Testing
- `python scripts/check_python_deps.py`
- `python check_env.py --auto-install`
- `pre-commit run --files alpha_factory_v1/demos/aiga_meta_evolution/agent_aiga_entrypoint.py alpha_factory_v1/demos/aiga_meta_evolution/openai_agents_bridge.py stubs/openai_agents/__init__.py check_env.py tests/test_external_integrations.py` *(fails: Interrupted)*
- `pytest --cov --cov-report=xml` *(fails: 95 failed, 303 passed, 59 skipped, 5 errors)*

------
https://chatgpt.com/codex/tasks/task_e_687a3fc9ddc0833386333461c972657f",OpenAI_Codex,24208299,MontrealAI,closed,2025-07-18T12:54:46Z,2025-07-18T12:55:07Z,2025-07-18T12:55:07Z,922805069,https://api.github.com/repos/MontrealAI/AGI-Alpha-Agent-v0,https://github.com/MontrealAI/AGI-Alpha-Agent-v0/pull/3508
3243258410,3510,Fix demo README disclaimer links,"## Summary
- update demo READMEs to reference docs/DISCLAIMER_SNIPPET.md via correct relative paths
- keep browser asset README consistent
- include demo assets during doc builds to silence warnings

## Testing
- `pre-commit run --files $(cat /tmp/filelist.txt)`
- `mkdocs build --strict`

------
https://chatgpt.com/codex/tasks/task_e_687a486e216883338c9c8b3d7aaa0dfe",OpenAI_Codex,24208299,MontrealAI,closed,2025-07-18T13:36:55Z,2025-07-18T13:37:04Z,2025-07-18T13:37:04Z,922805069,https://api.github.com/repos/MontrealAI/AGI-Alpha-Agent-v0,https://github.com/MontrealAI/AGI-Alpha-Agent-v0/pull/3510
3100822685,1148,[alpha_factory] fix codex setup path,"## Summary
- install fastapi and otel api when running `.codex/setup.sh`
- mention new distribution names in AGENTS.md

## Testing
- `python check_env.py --auto-install`
- `pytest -q` *(fails: 35 failed, 382 passed, 29 skipped)*",OpenAI_Codex,24208299,MontrealAI,closed,2025-05-29T16:16:49Z,2025-05-29T16:17:18Z,2025-05-29T16:17:18Z,922805069,https://api.github.com/repos/MontrealAI/AGI-Alpha-Agent-v0,https://github.com/MontrealAI/AGI-Alpha-Agent-v0/pull/1148
